CODIGO,PRODUCTOS,INICIAL,VALORADO,INGRESO,VALORADO,SALIDA,VALORADO,SALDO,VALORADO,COSTO,CTA COMPRA,CTA ALMACEN,CTA COSTO,CTA VENTA,CATEGORIA
000010,ACEMITE DE TRIGO x 25KG - ALICORP                 ,0.000,0.00,0.000,0.00,1.000,0.00,-1.000,0.00,0.00000,60111       ,20111       ,69111       ,70111       ,001
000002,ACEMITE DE TRIGO x 50KG - ALICORP                 ,0.000,0.00,0.000,0.00,91.000,0.00,-91.000,0.00,0.00000,60111       ,20111       ,69111       ,70111       ,001
000005,ACEMITE DE TRIGO x KG - ALICORP                   ,0.000,0.00,0.000,0.00,69.000,0.00,-69.000,0.00,0.00000,60111       ,20111       ,69111       ,70111       ,001
000014,AFRECHO MOLINORTE (ADC) X 40 KG                   ,0.000,0.00,0.000,0.00,0.000,0.00,0.000,0.00,0.00000,60111       ,20111       ,69111       ,70111       ,001
000003,DERIVADO DE TRIGO AFRECHO x 20KG                  ,0.000,0.00,0.000,0.00,6.000,0.00,-6.000,0.00,0.00000,60111       ,20111       ,69111       ,70111       ,001
000001,DERIVADO DE TRIGO AFRECHO x 40KG                  ,0.000,0.00,2275.000,86046.10,1771.060,0.00,503.940,86046.10,0.00000,60111       ,20111       ,69111       ,70111       ,001
000004,DERIVADO DE TRIGO AFRECHO x KG                    ,0.000,0.00,0.000,0.00,197.000,0.00,-197.000,0.00,0.00000,60111       ,20111       ,69111       ,70111       ,001
